{"train/loss": 1.064, "train/learning_rate": 8.542416126989805e-08, "train/epoch": 0.07, "train/global_step": 80, "_timestamp": 1697781346.984434, "_runtime": 538.9607148170471, "_step": 16, "train/train_runtime": 542.6181, "train/train_samples_per_second": 0.59, "train/train_steps_per_second": 0.147, "train/total_flos": 8137561588236288.0, "train/train_loss": 1.5431878924369813, "_wandb": {"runtime": 763}}