{"train/loss": 1.2036, "train/learning_rate": 0.0, "train/epoch": 0.07, "train/global_step": 80, "_timestamp": 1697779710.3820922, "_runtime": 538.3241181373596, "_step": 16, "train/train_runtime": 540.7419, "train/train_samples_per_second": 0.592, "train/train_steps_per_second": 0.148, "train/total_flos": 8240835105325056.0, "train/train_loss": 1.5403565466403961, "_wandb": {"runtime": 1006}}